;
Banco Serfinanza;
Bancoldex;
Bancolombia  **;
Bancoomeva  **;
BNP Paribas;
Coltefinanciera;
Compensar  **;
Confiar Cooperativa Financiera;
Coofinep Cooperativa Financiera;
Cooperativa Financiera Cotrafa;
Cooperativa Financiera de Antioquia;
Deceval  *;
Dirección del Tesoro Nacional  - Regalias*;
Dirección del Tesoro Nacional  *;
Enlace Operativo S.A.  **;
Financiera Juriscoop;
Banco JP Morgan Colombia;
Mibanco S.A;
Red Multibanca Colpatria**;
Simple S.A**;
FOGAFIN*;
Banco de Bogotá;
Davivienda;
BBVA;
Banco de Occidente;
Colpatria;
Banco Itaú;
GNB Sudameris;
Banco Agrario;
Banco Popular;
Banco Caja Social;
Banco AV Villas;
Scotiabank;
Bancoomeva;
Banco Falabella;
Banco Pichincha;
Banco W;
Banco Finandina;
Bancamía;
Banco Credifinanciera;
Banco Cooperativo Coopcentral;
Bancoldex;