Suite Individuales,6,40
Suite DoblesCuadruples,10,40
Suite inmensa,12,20
Suite mixta,11,14
Suite entera,9,30
Suite completa,10,34
Suite sin are,11,16
Suite con aire ,3,15
Suite con piscina,1,40
Suite sin piscina,3,21
Suite con piscina con jacuzzi,5,16
Suite sin piscina con jacuzzi ,6,39
Suite con asistente,2,22
Suite sin asistente,7,23
Suite  alimentacion incluiuda,11,10
Suite vista al mar,1,22
Suite vista piscina,7,39
Suite 2 camas,3,36
Suite 4 camas,2,37
Suite 5 camas,5,12
Junior suite Individuales,11,15
Junior suite DoblesCuadruples,12,30
Junior suite inmensa,10,29
Junior suite mixta,2,32
Junior suite entera,2,32
Junior suite completa,3,18
Junior suite sin are,4,13
Junior suite con aire ,12,38
Junior suite con piscina,8,39
Junior suite sin piscina,8,38
Junior suite con piscina con jacuzzi,3,12
Junior suite sin piscina con jacuzzi ,2,22
Junior suite con asistente,12,38
Junior suite sin asistente,6,28
Junior suite  alimentacion incluiuda,1,12
Junior suite vista al mar,8,22
Junior suite vista piscina,5,40
Junior suite 2 camas,1,21
Junior suite 4 camas,7,25
Junior suite 5 camas,4,27
Gran suite Individuales,10,14
Gran suite DoblesCuadruples,9,21
Gran suite inmensa,11,26
Gran suite mixta,11,18
Gran suite entera,12,39
Gran suite completa,6,20
Gran suite sin are,4,24
Gran suite con aire ,5,28
Gran suite con piscina,5,24
Gran suite sin piscina,6,11
Gran suite con piscina con jacuzzi,4,28
Gran suite sin piscina con jacuzzi ,3,32
Gran suite con asistente,7,40
Gran suite sin asistente,11,32
Gran suite  alimentacion incluiuda,2,30
Gran suite vista al mar,9,34
Gran suite vista piscina,6,29
Gran suite 2 camas,2,11
Gran suite 4 camas,3,32
Gran suite 5 camas,11,23
precidencial Individuales,6,20
precidencial DoblesCuadruples,2,20
precidencial inmensa,1,28
precidencial mixta,5,13
precidencial entera,1,27
precidencial completa,7,17
precidencial sin are,3,39
precidencial con aire ,12,12
precidencial con piscina,2,28
precidencial sin piscina,3,37
precidencial con piscina con jacuzzi,7,31
precidencial sin piscina con jacuzzi ,6,24
precidencial con asistente,3,36
precidencial sin asistente,7,16
precidencial  alimentacion incluiuda,11,17
precidencial vista al mar,11,19
precidencial vista piscina,10,10
precidencial 2 camas,11,23
precidencial 4 camas,12,21
precidencial 5 camas,6,10
famosos Individuales,5,34
famosos DoblesCuadruples,2,13
famosos inmensa,2,26
famosos mixta,3,14
famosos entera,6,36
famosos completa,10,37
famosos sin are,11,16
famosos con aire ,9,20
famosos con piscina,8,38
famosos sin piscina,8,14
famosos con piscina con jacuzzi,3,25
famosos sin piscina con jacuzzi ,4,40
famosos con asistente,4,32
famosos sin asistente,3,34
famosos  alimentacion incluiuda,12,23
famosos vista al mar,2,30
famosos vista piscina,7,40
famosos 2 camas,3,26
famosos 4 camas,11,24
famosos 5 camas,6,11
apartmanet Individuales,3,40
apartmanet DoblesCuadruples,8,34
apartmanet inmensa,10,28
apartmanet mixta,9,12
apartmanet entera,11,19
apartmanet completa,2,21
apartmanet sin are,9,14
apartmanet con aire ,1,10
apartmanet con piscina,11,14
apartmanet sin piscina,9,27
apartmanet con piscina con jacuzzi,11,38
apartmanet sin piscina con jacuzzi ,12,15
apartmanet con asistente,1,19
apartmanet sin asistente,12,25
apartmanet  alimentacion incluiuda,4,37
apartmanet vista al mar,6,34
apartmanet vista piscina,10,31
apartmanet 2 camas,11,15
apartmanet 4 camas,9,29
apartmanet 5 camas,7,20
house Individuales,2,26
house DoblesCuadruples,6,23
house inmensa,10,39
house mixta,4,39
house entera,1,18
house completa,5,18
house sin are,3,14
house con aire ,12,27
house con piscina,10,10
house sin piscina,8,40
house con piscina con jacuzzi,5,30
house sin piscina con jacuzzi ,1,15
house con asistente,6,39
house sin asistente,3,40
house  alimentacion incluiuda,1,22
house vista al mar,11,13
house vista piscina,6,12
house 2 camas,10,23
house 4 camas,4,32
house 5 camas,6,12
full House Individuales,3,18
full House DoblesCuadruples,7,39
full House inmensa,5,35
full House mixta,4,11
full House entera,7,36
full House completa,2,35
full House sin are,12,30
full House con aire ,4,16
full House con piscina,9,32
full House sin piscina,9,37
full House con piscina con jacuzzi,10,20
full House sin piscina con jacuzzi ,9,36
full House con asistente,9,15
full House sin asistente,11,23
full House  alimentacion incluiuda,7,25
full House vista al mar,2,40
full House vista piscina,5,29
full House 2 camas,4,40
full House 4 camas,4,31
full House 5 camas,11,38
KING Individuales,9,24
KING DoblesCuadruples,6,24
KING inmensa,10,17
KING mixta,5,10
KING entera,12,36
KING completa,1,24
KING sin are,2,21
KING con aire ,12,40
KING con piscina,4,31
KING sin piscina,11,29
KING con piscina con jacuzzi,2,20
KING sin piscina con jacuzzi ,9,40
KING con asistente,10,13
KING sin asistente,12,36
KING  alimentacion incluiuda,5,32
KING vista al mar,10,28
KING vista piscina,7,39
KING 2 camas,3,28
KING 4 camas,8,17
KING 5 camas,7,15
full loft Individuales,2,10
full loft DoblesCuadruples,3,40
full loft inmensa,1,22
full loft mixta,2,24
full loft entera,7,30
full loft completa,5,25
full loft sin are,10,22
full loft con aire ,11,25
full loft con piscina,9,40
full loft sin piscina,2,27
full loft con piscina con jacuzzi,10,12
full loft sin piscina con jacuzzi ,3,22
full loft con asistente,12,22
full loft sin asistente,2,34
full loft  alimentacion incluiuda,10,20
full loft vista al mar,5,21
full loft vista piscina,3,30
full loft 2 camas,3,12
full loft 4 camas,5,14
full loft 5 camas,12,37
matrimoniales Individuales,5,40
matrimoniales DoblesCuadruples,10,24
matrimoniales inmensa,9,35
matrimoniales mixta,2,15
matrimoniales entera,6,31
matrimoniales completa,6,40
matrimoniales sin are,7,22
matrimoniales con aire ,4,33
matrimoniales con piscina,9,37
matrimoniales sin piscina,5,23
matrimoniales con piscina con jacuzzi,4,29
matrimoniales sin piscina con jacuzzi ,9,39
matrimoniales con asistente,9,10
matrimoniales sin asistente,2,32
matrimoniales  alimentacion incluiuda,12,38
matrimoniales vista al mar,9,26
matrimoniales vista piscina,4,34
matrimoniales 2 camas,12,19
matrimoniales 4 camas,7,38
matrimoniales 5 camas,4,29
familiares Individuales,6,31
familiares DoblesCuadruples,12,36
familiares inmensa,6,38
familiares mixta,9,14
familiares entera,6,17
familiares completa,12,21
familiares sin are,2,10
familiares con aire ,10,18
familiares con piscina,11,16
familiares sin piscina,2,28
familiares con piscina con jacuzzi,4,25
familiares sin piscina con jacuzzi ,3,26
familiares con asistente,4,22
familiares sin asistente,6,33
familiares  alimentacion incluiuda,3,26
familiares vista al mar,2,36
familiares vista piscina,12,31
familiares 2 camas,3,36
familiares 4 camas,1,34
familiares 5 camas,12,15
pareaja Individuales,3,17
pareaja DoblesCuadruples,1,32
pareaja inmensa,4,13
pareaja mixta,1,18
pareaja entera,7,15
pareaja completa,6,18
pareaja sin are,2,12
pareaja con aire ,9,11
pareaja con piscina,6,23
pareaja sin piscina,2,22
pareaja con piscina con jacuzzi,1,22
pareaja sin piscina con jacuzzi ,6,21
pareaja con asistente,12,19
pareaja sin asistente,5,37
pareaja  alimentacion incluiuda,10,32
pareaja vista al mar,7,39
pareaja vista piscina,2,39
pareaja 2 camas,6,11
pareaja 4 camas,3,29
pareaja 5 camas,8,22
